{
    "name": "A4",
    "width": 210,
    "height": 297,
    "line_count": 23,
    "line_height": 0.03703,
    "line_width": 0.88762,
    "start": {
        "x": 0.05611,
        "y": 0.09289
    }
}